{"loss": [0.2672741742879152, 0.06740560070052742, 0.04000022381637246, 0.031042332468554378, 0.03105936479009688], "accuracy": [98.49548645937813, 98.49548645937813, 98.39518555667001, 98.29488465396189, 98.59578736208626]}